ç,,,,,
Município,ibge,latitude,longitude,IMERS/IQA/IQA 2022 (-),IMERS/IQA/IQA 2023 (-)
Aceguá,4300034,"-31,864015","-54,164732","45,68966","74,40539"
Água Santa,4300059,"-28,175055","-52,034633","60,86957","68,2926"
Agudo,4300109,"-29,645663","-53,258692","74,60993","62,1344"
Ajuricaba,4300208,"-28,237729","-53,772819","55,21739","83,22714"
Alecrim,4300307,"-27,661074","-54,767096","62,45255","65,86882"
Alegrete,4300406,"-29,782043","-55,79587","47,9085","49,63564"
Alegria,4300455,"-27,8373","-54,057366",49,"75,48419"
Almirante Tamandaré do Sul,4300471,"-28,113726","-52,913715","62,45255","72,49998"
Alpestre,4300505,"-27,248769","-53,037366","61,45455","86,23827"
Alto Alegre,4300554,"-28,774746","-52,990755","62,45255","65,86882"
Alto Feliz,4300570,"-29,390139","-51,315816","76,78571","62,90008"
Alvorada,4300604,"-29,997493","-51,077729","43,86185","48,56673"
Amaral Ferrador,4300638,"-30,875148","-52,25127","41,53846","71,7793"
Ametista do Sul,4300646,"-27,356425","-53,192177","63,72881","49,06481"
André da Rocha,4300661,"-28,631977","-51,573738","62,45255","66,25"
Anta Gorda,4300703,"-28,970884","-52,015823","62,45255","59,28574"
Antônio Prado,4300802,"-28,855438","-51,283577","68,66667","69,63035"
Arambaré,4300851,"-30,909346","-51,501318","36,19048","54,16421"
Araricá,4300877,"-29,617244","-50,925677","62,20472","56,41983"
Aratiba,4300901,"-27,394444","-52,303832","76,12245","79,89801"
Arroio do Meio,4301008,"-29,398891","-51,947449","60,52402","73,14264"
Arroio do Padre,4301073,"-31,440644","-52,433302","53,24324","73,55974"
Arroio do Sal,4301057,"-29,592961","-49,932958","61,20567","57,53199"
Arroio do Tigre,4301206,"-29,33586","-53,086396","81,68831","63,98088"
Arroio dos Ratos,4301107,"-30,090013","-51,733807","50,23077","66,67033"
Arroio Grande,4301305,"-32,236344","-53,082248","72,44898","42,08331"
Arvorezinha,4301404,"-28,873049","-52,179512",30,"34,94948"
Augusto Pestana,4301503,"-28,513352","-53,98947","69,64286","49,10895"
Áurea,4301552,"-27,693787","-52,054176",73,"49,77862"
Bagé,4301602,"-31,330502","-54,107083","49,4028","60,04387"
Balneário Pinhal,4301636,"-30,239751","-50,236701","37,75","63,10146"
Barăo,4301651,"-29,380864","-51,497538","79,01961","62,03409"
Barăo de Cotegipe,4301701,"-27,617093","-52,37775","45,60976","91,93953"
Barăo do Triunfo,4301750,"-30,390484","-51,737669","50,89286","56,07307"
Barra do Guarita,4301859,"-27,18807","-53,714413","53,18182","70,38402"
Barra do Quaraí,4301875,"-30,211075","-57,55706","19,35484","64,13152"
Barra do Ribeiro,4301909,"-30,292675","-51,300874","27,65625","63,2286"
Barra do Rio Azul,4301925,"-27,408758","-52,414105","62,45255","65,86882"
Barra Funda,4301958,"-27,923826","-53,036297","82,85714","44,73155"
Barracăo,4301800,"-27,68023","-51,460151","56,52174","72,72752"
Barros Cassal,4302006,"-29,087704","-52,587752","27,89474","44,09266"
Benjamin Constant do Sul,4302055,"-27,508584","-52,602225","62,45255","66,15382"
Bento Gonçalves,4302105,"-29,167402","-51,51556","61,29487","65,93748"
Boa Vista das Missőes,4302154,"-27,666111","-53,312756","82,85714","16,34763"
Boa Vista do Buricá,4302204,"-27,671567","-54,109481","76,54545","77,63405"
Boa Vista do Cadeado,4302220,"-28,577434","-53,813735","58,14815","85,76578"
Boa Vista do Incra,4302238,"-28,818488","-53,388705","52,10526","55,05483"
Boa Vista do Sul,4302253,"-29,350119","-51,677272","73,5","68,60372"
Bom Jesus,4302303,"-28,670578","-50,433349","32,42424","86,9466"
Bom Princípio,4302352,"-29,494485","-51,355519","65,1145","68,80851"
Bom Progresso,4302378,"-27,546774","-53,866791","53,63636","73,2246"
Bom Retiro do Sul,4302402,"-29,607423","-51,943847","69,75806","73,24626"
Boqueirăo do Leăo,4302451,"-29,305158","-52,42805","25,45455","95,76542"
Bossoroca,4302501,"-28,730724","-54,909811","44,8","56,32994"
Bozano,4302584,"-28,36629","-53,772402","83,84615","93,51452"
Braga,4302600,"-27,619193","-53,744329","84,54545","19,47847"
Brochier,4302659,"-29,555528","-51,588916","80,85714","46,72248"
Butiá,4302709,"-30,116144","-51,961483","38,02083","67,15629"
Caçapava do Sul,4302808,"-30,514743","-53,487569","67,60766","49,72971"
Cacequi,4302907,"-29,880288","-54,827728","54,03509","41,69945"
Cachoeira do Sul,4303004,"-30,04582","-52,893413","52,95652","61,99502"
Cachoeirinha,4303103,"-29,950629","-51,093677","50,66972","55,68958"
Cacique Doble,4303202,"-27,768232","-51,664113","63,52941","69,93211"
Caibaté,4303301,"-28,291075","-54,637887","62,27273","69,86561"
Caiçara,4303400,"-27,280941","-53,431895",90,"37,97848"
Camaquă,4303509,"-30,850704","-51,814601","52,14464","60,83978"
Camargo,4303558,"-28,589238","-52,203799","76,5","68,2018"
Cambará do Sul,4303608,"-29,048175","-50,143765","38,61111","51,33322"
Campestre da Serra,4303673,"-28,796512","-51,095664","58,92857","76,97925"
Campina das Missőes,4303707,"-27,99169","-54,845329","66,73913","80,72075"
Campinas do Sul,4303806,"-27,711601","-52,633104","69,33333","65,03573"
Campo Bom,4303905,"-29,675685","-51,05887","66,78521","68,81237"
Campo Novo,4304002,"-27,674493","-53,802814","46,33333","71,5244"
Campos Borges,4304101,"-28,892132","-52,998915","72,30769","23,89206"
Candelária,4304200,"-29,671285","-52,789668","54,18848","70,40565"
Cândido Godói,4304309,"-27,951318","-54,752834","70,42553","72,03663"
Candiota,4304358,"-31,56101","-53,677805","45,5102","79,63903"
Canela,4304408,"-29,357972","-50,814867","61,18132","49,40823"
Canguçu,4304507,"-31,39386","-52,676286","57,07463","73,32199"
Canoas,4304606,"-29,918697","-51,18103","52,90895","52,09422"
Canudos do Vale,4304614,"-29,323525","-52,232383","83,57143","71,92308"
Capăo Bonito do Sul,4304622,"-28,125975","-51,395158","78,5","78,5"
Capăo da Canoa,4304630,"-29,761467","-50,020022","41,6035","56,23627"
Capăo do Cipó,4304655,"-28,931628","-54,554699","69,23077","89,66736"
Capăo do Leăo,4304663,"-31,766839","-52,487008","57,04762","28,97786"
Capela de Santana,4304689,"-29,701945","-51,321769","60,07812","55,41077"
Capităo,4304697,"-29,2695","-51,985969","68,37209","75,26726"
Capivari do Sul,4304671,"-30,14966","-50,508808","65,30612","83,63649"
Caraá,4304713,"-29,778637","-50,435756","53,48485","75,31617"
Carazinho,4304705,"-28,286511","-52,791897","49,81928","72,9238"
Carlos Barbosa,4304804,"-29,298297","-51,503818","64,6729","78,30542"
Carlos Gomes,4304853,"-27,714892","-51,917576",78,"79,90625"
Casca,4304903,"-28,559874","-51,983233","85,88235","61,57945"
Caseiros,4304952,"-28,273565","-51,692683","68,64865","53,0951"
Catuípe,4305009,"-28,254234","-54,012387","70,51282","41,4002"
Caxias do Sul,4305108,"-29,166899","-51,17886","52,34851","63,86072"
Centenário,4305116,"-27,762847","-52,002054",79,79
Cerrito,4305124,"-31,852639","-52,814802","48,75","46,90794"
Cerro Branco,4305132,"-29,656287","-52,941978","63,84615","65,79058"
Cerro Grande,4305157,"-27,60798","-53,165913","52,14286","52,44826"
Cerro Grande do Sul,4305173,"-30,602029","-51,753103","47,88462","53,84291"
Cerro Largo,4305207,"-28,147841","-54,739997","68,86364","58,01603"
Chapada,4305306,"-28,05845","-53,067277","63,42857","49,94656"
Charqueadas,4305355,"-29,9568","-51,625006","59,85401","45,90987"
Charrua,4305371,"-27,952831","-52,029412","74,21053","29,51554"
Chiapetta,4305405,"-27,917365","-53,94575","61,66667","78,10879"
Chuí,4305439,"-33,687567","-53,462675","50,47619","39,38114"
Chuvisca,4305447,"-30,757427","-51,978542","54,33962","57,14191"
Cidreira,4305454,"-30,18117","-50,209092","50,61798","44,88471"
Ciríaco,4305504,"-28,344303","-51,883031","64,41176","81,77771"
Colinas,4305587,"-29,392537","-51,868576","74,16667","74,16667"
Colorado,4305603,"-28,522948","-52,993176","52,63158","75,01889"
Condor,4305702,"-28,205296","-53,488943","77,85714","87,59473"
Constantina,4305801,"-27,730411","-52,987739","67,14286","68,01123"
Coqueiro Baixo,4305835,"-29,179257","-52,094603","62,45255","65,86882"
Coqueiros do Sul,4305850,"-28,117428","-52,778801","56,15385","69,80803"
Coronel Barros,4305871,"-28,384541","-54,073662","82,10526","46,5907"
Coronel Bicaco,4305900,"-27,717873","-53,709128","74,84848","51,90221"
Coronel Pilar,4305934,"-29,27271","-51,684935",63,"82,61351"
Cotiporă,4305959,"-28,998576","-51,696434","72,38095","51,48517"
Coxilha,4305975,"-28,121342","-52,300278","71,77778","67,93619"
Crissiumal,4306007,"-27,498012","-54,100035","85,23077","47,43991"
Cristal,4306056,"-30,999345","-52,04941","66,44444","81,81391"
Cristal do Sul,4306072,"-27,45363","-53,249184","68,57143","69,17204"
Cruz Alta,4306106,"-28,642447","-53,605241","55,35604","69,08878"
Cruzaltense,4306130,"-27,664888","-52,648143","78,57143","55,21346"
Cruzeiro do Sul,4306205,"-29,508291","-51,991576","71,08911","73,24608"
David Canabarro,4306304,"-28,384612","-51,852249","62,45255","65,86882"
Derrubadas,4306320,"-27,265391","-53,865119","78,66667","31,58426"
Dezesseis de Novembro,4306353,"-28,226876","-55,048209","62,45255","65,86882"
Dilermando de Aguiar,4306379,"-29,701964","-54,21356","48,88889","72,8651"
Dois Irmăos,4306403,"-29,584159","-51,087619","65,48701","71,46612"
Dois Irmăos das Missőes,4306429,"-27,657537","-53,530865","91,42857","68,32532"
Dois Lajeados,4306452,"-28,975205","-51,835103","89,09091","89,09091"
Dom Feliciano,4306502,"-30,708598","-52,103934","38,9916","66,39405"
Dom Pedrito,4306601,"-30,981267","-54,67413","52,21757","44,77366"
Dom Pedro de Alcântara,4306551,"-29,370187","-49,84955","63,88889","77,37719"
Dona Francisca,4306700,"-29,624852","-53,362333","62,45255","67,03701"
Doutor Maurício Cardoso,4306734,"-27,509213","-54,358268","78,22222","61,63323"
Doutor Ricardo,4306759,"-29,099031","-51,984904","62,45255","65,86882"
Eldorado do Sul,4306767,"-29,999293","-51,310419","40,54435","70,19237"
Encantado,4306809,"-29,239917","-51,873023","70,76336","70,76336"
Encruzilhada do Sul,4306908,"-30,543657","-52,522045","52,56","66,65212"
Engenho Velho,4306924,"-27,708587","-52,911921",56,"69,80131"
Entre Rios do Sul,4306957,"-27,528858","-52,735068","68,75","42,9275"
Entre-ijuís,4306932,"-28,362794","-54,271432","71,73913","22,58767"
Erebango,4306973,"-27,849196","-52,299711","82,5","44,0422"
Erechim,4307005,"-27,633406","-52,275877","65,83099","61,09923"
Ernestina,4307054,"-28,497155","-52,572176","43,78378","71,4236"
Erval Grande,4307203,"-27,393337","-52,570112","74,04255","76,15152"
Erval Seco,4307302,"-27,549417","-53,509573","65,13889","73,10585"
Esmeralda,4307401,"-28,057276","-51,188794","54,46809","73,88364"
Esperança do Sul,4307450,"-27,359944","-53,992768","67,65957","80,79792"
Espumoso,4307500,"-28,731445","-52,841927","51,05263","49,88396"
Estaçăo,4307559,"-27,909006","-52,270486","83,67647","60,47867"
Estância Velha,4307609,"-29,650148","-51,174294","57,12909","62,39198"
Esteio,4307708,"-29,852186","-51,143837","54,19192","66,61444"
Estrela,4307807,"-29,503472","-51,97026","58,51852","66,48381"
Estrela Velha,4307815,"-29,179661","-53,160294","76,66667","63,10365"
Eugęnio de Castro,4307831,"-28,52506","-54,148113","58,57143","65,9825"
Fagundes Varela,4307864,"-28,882134","-51,691449","94,70588","65,70606"
Farroupilha,4307906,"-29,223679","-51,34835","65,77982","71,75686"
Faxinal do Soturno,4308003,"-29,57433","-53,439065","46,51163","79,91597"
Faxinalzinho,4308052,"-27,425416","-52,670591","83,91304","27,30647"
Fazenda Vilanova,4308078,"-29,588575","-51,821183","62,45614","68,62081"
Feliz,4308102,"-29,453971","-51,310102","62,7907","76,41015"
Flores da Cunha,4308201,"-29,031142","-51,182221","65,45126","76,7173"
Floriano Peixoto,4308250,"-27,862509","-52,085607","75,83333","56,53643"
Fontoura Xavier,4308300,"-28,982168","-52,344953","26,03175","89,50274"
Formigueiro,4308409,"-29,997634","-53,500294","57,14286","57,71679"
Forquetinha,4308433,"-29,380634","-52,096917","82,63158","58,98671"
Fortaleza dos Valos,4308458,"-28,787883","-53,235523","79,35484","85,66343"
Frederico Westphalen,4308508,"-27,358882","-53,400777","49,81481","68,60017"
Garibaldi,4308607,"-29,254549","-51,529548","61,46825","70,76975"
Garruchos,4308656,"-28,189477","-55,634072","50,90909","55,47396"
Gaurama,4308706,"-27,583858","-52,100138","69,59184","78,61213"
General Câmara,4308805,"-29,902984","-51,763431","62,45255","65,86882"
Gentil,4308854,"-28,433848","-52,034524","58,23529","92,75988"
Getúlio Vargas,4308904,"-27,875912","-52,249574","74,67532","76,29248"
Giruá,4309001,"-28,029744","-54,35084","59,79798","76,69066"
Glorinha,4309050,"-29,877134","-50,786207","62,68817","57,732"
Gramado,4309100,"-29,379738","-50,871946","67,65116","63,38873"
Gramado dos Loureiros,4309126,"-27,444385","-52,918218","62,45255","65,86882"
Gramado Xavier,4309159,"-29,269936","-52,577838","62,45255","65,86882"
Gravataí,4309209,"-29,945519","-50,990793","51,78434","60,84184"
Guabiju,4309258,"-28,540672","-51,691047","79,375","79,375"
Guaíba,4309308,"-30,108602","-51,314684","47,9614","52,15899"
Guaporé,4309407,"-28,849134","-51,890651","71,22093","71,22093"
Guarani das Missőes,4309506,"-28,141779","-54,560556","54,31373","44,22366"
Harmonia,4309555,"-29,549049","-51,41404","77,36842","49,78499"
Herval,4307104,"-32,026744","-53,394338","47,07317","54,79321"
Herveiras,4309571,"-29,457044","-52,650171","22,22222","80,95147"
Horizontina,4309605,"-27,630097","-54,308792","63,17949","79,9362"
Hulha Negra,4309654,"-31,405098","-53,867825","71,5873","41,5511"
Humaitá,4309704,"-27,56149","-53,976506","66,88889","57,55358"
Ibarama,4309753,"-29,420744","-53,1332","81,33333","50,6142"
Ibiaçá,4309803,"-28,04885","-51,857252","71,5625","78,25021"
Ibiraiaras,4309902,"-28,369227","-51,635324","56,78571","82,7189"
Ibirapuită,4309951,"-28,61502","-52,519386","61,36364","80,39258"
Ibirubá,4310009,"-28,627608","-53,088354","48,35443","86,25261"
Igrejinha,4310108,"-29,57222","-50,798711","65,93939","74,29155"
Ijuí,4310207,"-28,388537","-53,918067","65,10081","75,21355"
Ilópolis,4310306,"-28,929153","-52,122157","87,87879","45,69357"
Imbé,4310330,"-29,974778","-50,13058","49,05956","59,78601"
Imigrante,4310363,"-29,352158","-51,770191","59,42857","69,61971"
Independęncia,4310405,"-27,847332","-54,188108","62,14286","73,07397"
Inhacorá,4310413,"-27,880454","-54,012546","76,07143","55,79085"
Ipę,4310439,"-28,818328","-51,27991",63,"78,65365"
Ipiranga do Sul,4310462,"-27,935984","-52,425061","77,61905","88,86621"
Iraí,4310504,"-27,192282","-53,264296",65,"81,05057"
Itaara,4310538,"-29,602888","-53,757849","51,25","61,8368"
Itacurubi,4310553,"-28,802205","-55,232723","41,6129","82,70267"
Itapuca,4310579,"-28,780296","-52,172367","88,69565","53,19449"
Itaqui,4310603,"-29,128637","-56,557133","39,8","62,8844"
Itati,4310652,"-29,500248","-50,101782",50,"92,28586"
Itatiba do Sul,4310702,"-27,383292","-52,452443","71,90476","60,45562"
Ivorá,4310751,"-29,519534","-53,580886","62,45255","65,86882"
Ivoti,4310801,"-29,594157","-51,159574","67,06161","75,2003"
Jaboticaba,4310850,"-27,631222","-53,284389","60,3125","79,45037"
Jacuizinho,4310876,"-29,033816","-53,056551","39,52381","79,60378"
Jacutinga,4310900,"-27,728494","-52,543173","80,71429","62,4602"
Jaguarăo,4311007,"-32,563569","-53,377523","43,44633","39,0359"
Jaguari,4311106,"-29,497347","-54,693847","53,69565","51,48733"
Jaquirana,4311122,"-28,880568","-50,358037","37,1875","65,35047"
Jari,4311130,"-29,290081","-54,219936","65,52632","28,01845"
Jóia,4311155,"-28,645624","-54,115965","47,14286","82,87801"
Júlio de Castilhos,4311205,"-29,226449","-53,6831","53,75","35,61555"
Lagoa Bonita do Sul,4311239,"-29,494131","-53,016983",62,"51,14744"
Lagoa dos Tręs Cantos,4311270,"-28,569468","-52,857835","89,44444","85,70009"
Lagoa Vermelha,4311304,"-28,20887","-51,527229","43,81443","75,89132"
Lagoăo,4311254,"-29,224316","-52,775029","73,33333","42,01188"
Lajeado,4311403,"-29,465454","-51,967828","62,09581","65,86882"
Lajeado do Bugre,4311429,"-27,690769","-53,181387","62,45255","65,86882"
Lavras do Sul,4311502,"-30,81201","-53,898477","27,27273","72,76517"
Liberato Salzano,4311601,"-27,59647","-53,074861","67,6","44,73097"
Lindolfo Collor,4311627,"-29,600804","-51,208155","68,63636","51,81214"
Linha Nova,4311643,"-29,462639","-51,201902","72,5","94,9208"
Maçambará,4311718,"-29,146144","-56,063613","43,78378","64,04322"
Machadinho,4311700,"-27,56814","-51,667507","42,5","78,61066"
Mampituba,4311734,"-29,210649","-49,936514","66,89655","60,51436"
Manoel Viana,4311759,"-29,580537","-55,491663","84,375","41,17806"
Maquiné,4311775,"-29,679137","-50,203395","74,07407","40,91008"
Maratá,4311791,"-29,555323","-51,555567","74,73684","80,8306"
Marau,4311809,"-28,448454","-52,196777","61,69139","68,60014"
Marcelino Ramos,4311908,"-27,461391","-51,913319","86,2963","53,45576"
Mariana Pimentel,4311981,"-30,353622","-51,587343","41,39535","69,51127"
Mariano Moro,4312005,"-27,352613","-52,148892","62,45255","73,52942"
Marques de Souza,4312054,"-29,329137","-52,097804","82,12121","36,84772"
Mata,4312104,"-29,569392","-54,452435","36,11111","69,1042"
Mato Castelhano,4312138,"-28,275762","-52,197261","55,41667","64,02376"
Mato Leităo,4312153,"-29,52483","-52,133029","73,90244","69,9734"
Mato Queimado,4312179,"-28,255816","-54,616837","61,57895","82,72048"
Maximiliano de Almeida,4312203,"-27,634941","-51,801718",62,"79,01814"
Minas do Leăo,4312252,"-30,12244","-52,05128","80,96154","55,78027"
Miraguaí,4312302,"-27,496076","-53,685994","40,2381","93,60317"
Montauri,4312351,"-28,653207","-52,076108","80,90909","97,66431"
Monte Alegre dos Campos,4312377,"-28,685072","-50,782834","48,15789","66,9364"
Monte Belo do Sul,4312385,"-29,159941","-51,631559","71,48148","70,71104"
Montenegro,4312401,"-29,688119","-51,461299","54,4","71,65822"
Mormaço,4312427,"-28,693351","-52,692826","62,10526","77,95357"
Morrinhos do Sul,4312443,"-29,362964","-49,932763","58,94737","74,85312"
Morro Redondo,4312450,"-31,582203","-52,65778","53,22581","77,17751"
Morro Reuter,4312476,"-29,539342","-51,080088","81,48148","55,608"
Mostardas,4312500,"-31,108225","-50,919159","44,54545","56,54906"
Muçum,4312609,"-29,165615","-51,866056","63,84615","70,6162"
Muitos Capőes,4312617,"-28,318913","-51,184602","36,25","78,45679"
Muliterno,4312625,"-28,330265","-51,768701",94,94
Năo-Me-Toque,4312658,"-28,459907","-52,819279","49,30556","75,14504"
Nicolau Vergueiro,4312674,"-28,536215","-52,462401","65,83333","83,27137"
Nonoai,4312708,"-27,354665","-52,776189","42,16867","77,05238"
Nova Alvorada,4312757,"-28,676564","-52,167134",87,"77,67461"
Nova Araçá,4312807,"-28,658176","-51,742165","58,47222","60,81926"
Nova Bassano,4312906,"-28,723469","-51,703231","73,68421","68,20476"
Nova Boa Vista,4312955,"-27,987968","-52,981477","77,6","87,61263"
Nova Bréscia,4313003,"-29,216511","-52,017984","89,69697","66,09842"
Nova Candelária,4313011,"-27,612098","-54,104114","67,1875","78,33758"
Nova Esperança do Sul,4313037,"-29,404596","-54,835873","70,90909","56,40384"
Nova Hartz,4313060,"-29,585748","-50,903793","59,05759","66,89077"
Nova Pádua,4313086,"-29,030046","-51,306825","62,45255","71,42862"
Nova Palma,4313102,"-29,473026","-53,470635","54,21053","93,16778"
Nova Petrópolis,4313201,"-29,376209","-51,106954","71,84615","66,33088"
Nova Prata,4313300,"-28,783945","-51,608996","59,60452","63,86756"
Nova Ramada,4313334,"-28,082645","-53,706937","68,27586","89,99311"
Nova Roma do Sul,4313359,"-28,984749","-51,405157",77,"82,37887"
Nova Santa Rita,4313375,"-29,848616","-51,275211","54,12234","59,65589"
Novo Barreiro,4313490,"-27,906788","-53,113499","78,62069","31,37054"
Novo Cabrais,4313391,"-29,736255","-52,955086","67,02703","81,08172"
Novo Hamburgo,4313409,"-29,686326","-51,128605","52,22514","60,68958"
Novo Machado,4313425,"-27,578401","-54,503384",43,"65,86882"
Novo Tiradentes,4313441,"-27,563558","-53,185703","74,61538","39,90385"
Novo Xingu,4313466,"-27,748115","-53,064109","62,5","85,02472"
Osório,4313508,"-29,892697","-50,266798","53,61323","62,86453"
Paim Filho,4313607,"-27,703308","-51,761597","71,66667","51,94277"
Palmares do Sul,4313656,"-30,260067","-50,506052","45,84746","50,47682"
Palmeira das Missőes,4313706,"-27,900621","-53,314954","61,81818","50,49045"
Palmitinho,4313805,"-27,35602","-53,555546","78,47458","66,71276"
Panambi,4313904,"-28,292731","-53,500265","60,95975","75,11214"
Pantano Grande,4313953,"-30,194552","-52,3739","56,17391","51,57788"
Paraí,4314001,"-28,599621","-51,782096","76,38298","76,38298"
Paraíso do Sul,4314027,"-29,731314","-53,1791","49,7619","74,6972"
Pareci Novo,4314035,"-29,639389","-51,39887","51,11111","76,97198"
Parobé,4314050,"-29,631749","-50,834866","54,05646","65,73657"
Passa Sete,4314068,"-29,451666","-52,963983","69,74359","77,5497"
Passo do Sobrado,4314076,"-29,745794","-52,278758","58,52941","81,51573"
Passo Fundo,4314100,"-28,261767","-52,407095","50,42081","59,82543"
Paulo Bento,4314134,"-27,7041","-52,422436","66,66667","78,52469"
Paverama,4314159,"-29,554856","-51,730293","51,84615","69,42584"
Pedras Altas,4314175,"-31,733637","-53,58717","30,58824","71,82717"
Pedro Osório,4314209,"-31,863828","-52,826312","37,65957","65,21377"
Pejuçara,4314308,"-28,421586","-53,656542","88,70968","57,78821"
Pelotas,4314407,"-31,719598","-52,34432","41,33404","53,16608"
Picada Café,4314423,"-29,454384","-51,06405",75,"75,27205"
Pinhal,4314456,"-27,511674","-53,214706","72,59259","77,7656"
Pinhal da Serra,4314464,"-27,876665","-51,170103",79,"56,88846"
Pinhal Grande,4314472,"-29,33536","-53,338638",65,"56,5998"
Pinheirinho do Vale,4314498,"-27,209763","-53,619561",60,"67,70736"
Pinheiro Machado,4314506,"-31,580593","-53,38462","50,79365","50,38128"
Pinto Bandeira,4314548,"-54,45","-29,1","78,46154","61,67356"
Pirapó,4314555,"-28,045316","-55,20031","62,45255","65,86882"
Piratini,4314605,"-31,444112","-53,104734","42,35294","73,46496"
Planalto,4314704,"-27,331464","-53,058881","52,92308","77,96943"
Poço das Antas,4314753,"-29,454546","-51,67089","65,55556","94,128"
Pontăo,4314779,"-28,061841","-52,675399","35,83333","79,15684"
Ponte Preta,4314787,"-27,65704","-52,490232","79,41176","54,16027"
Portăo,4314803,"-29,696259","-51,23015","56,51765","57,16893"
Porto Alegre,4314902,"-30,030037","-51,22866","40,05917","41,40887"
Porto Lucena,4315008,"-27,851375","-55,011562","78,57143","53,94523"
Porto Mauá,4315057,"-27,578635","-54,671952",49,"55,46016"
Porto Vera Cruz,4315073,"-27,734374","-54,899032","62,45255","47,619"
Porto Xavier,4315107,"-27,90569","-55,13956",66,"62,08155"
Pouso Novo,4315131,"-29,169761","-52,21087","75,83333",100
Presidente Lucena,4315149,"-29,526127","-51,1816","59,18919","76,52761"
Progresso,4315156,"-29,240309","-52,301717","59,35484","86,12557"
Protásio Alves,4315172,"-28,756713","-51,473632","58,26087","78,28472"
Putinga,4315206,"-28,998756","-52,159911","58,27586","88,36821"
Quaraí,4315305,"-30,382868","-56,453647","49,45205","54,79736"
Quatro Irmăos,4315313,"-27,821197","-52,442769","72,10526","23,8542"
Quevedos,4315321,"-29,351921","-54,071255","62,45255","65,86882"
Quinze de Novembro,4315354,"-28,742361","-53,096722","72,77778","58,95774"
Redentora,4315404,"-27,66154","-53,641934","86,47059","87,79471"
Relvado,4315453,"-29,112279","-52,072949","78,66667","83,79277"
Restinga Sęca,4315503,"-29,813949","-53,370569","55,97938","47,56396"
Rio dos Índios,4315552,"-27,298398","-52,840058","62,45255",69
Rio Grande,4315602,"-32,050446","-52,08677","44,56536","66,2138"
Rio Pardo,4315701,"-29,985626","-52,379018","54,90566","84,08914"
Riozinho,4315750,"-29,642286","-50,473818",75,"45,90994"
Roca Sales,4315800,"-29,28507","-51,863892","60,91954","65,86882"
Rodeio Bonito,4315909,"-27,470403","-53,168531",90,"60,1117"
Rolador,4315958,"-28,256344","-54,819427","62,45255","65,86882"
Rolante,4316006,"-29,640763","-50,573442","63,31429","90,8614"
Ronda Alta,4316105,"-27,781931","-52,806534",86,"56,13323"
Rondinha,4316204,"-27,831816","-52,90616","92,10526","83,55186"
Roque Gonzales,4316303,"-28,135367","-55,029186","54,25","83,07277"
Rosário do Sul,4316402,"-30,244033","-54,945761","52,05882","36,977"
Sagrada Família,4316428,"-27,706731","-53,135652","68,69565","77,96653"
Saldanha Marinho,4316436,"-28,403286","-53,094107","56,45161","76,69942"
Salto do Jacuí,4316451,"-29,088681","-53,21331","40,55556","74,36269"
Salvador das Missőes,4316477,"-28,121697","-54,837742","72,66667","90,66262"
Salvador do Sul,4316501,"-29,439732","-51,509421","62,30769","79,06722"
Sananduva,4316600,"-27,944007","-51,813502","67,95699","70,82066"
Santa Bárbara do Sul,4316709,"-28,365167","-53,250527","52,46154","79,67971"
Santa Cecília do Sul,4316733,"-28,164451","-51,926671","72,77778","78,98095"
Santa Clara do Sul,4316758,"-29,463596","-52,080926","78,57143","79,86304"
Santa Cruz do Sul,4316808,"-29,719768","-52,429929","58,31206","52,62834"
Santa Margarida do Sul,4316972,"-30,345103","-54,090955","59,21053","40,4895"
Santa Maria,4316907,"-29,685582","-53,808675","55,81741","53,8923"
Santa Maria do Herval,4316956,"-29,503516","-50,987255","64,90909","79,18647"
Santa Rosa,4317202,"-27,86675","-54,478224","60,3956","72,74673"
Santa Tereza,4317251,"-29,171634","-51,734344","76,66667","84,33333"
Santa Vitória do Palmar,4317301,"-33,51986","-53,367006","49,64981","54,39988"
Santana da Boa Vista,4317004,"-30,874703","-53,115875","46,76923","74,69121"
Santana do Livramento,4317103,"-30,889384","-55,534814",53,"51,71969"
Santiago,4317400,"-29,19146","-54,869076","60,69565","70,23207"
Santo Ângelo,4317509,"-28,301938","-54,264143","49,84211","71,49835"
Santo Antônio da Patrulha,4317608,"-29,832034","-50,520986","62,04762","76,69203"
Santo Antônio das Missőes,4317707,"-28,508097","-55,224557","70,85714","47,28119"
Santo Antônio do Palma,4317558,"-28,497445","-52,024633","66,19048","68,75811"
Santo Antônio do Planalto,4317756,"-28,395929","-52,683726","61,90476","53,02735"
Santo Augusto,4317806,"-27,853491","-53,77885","61,36","70,90986"
Santo Cristo,4317905,"-27,81993","-54,668748","70,1626","69,2303"
Santo Expedito do Sul,4317954,"-27,909369","-51,643572","54,7619","93,56502"
Săo Borja,4318002,"-28,662838","-56,001029","53,52113","74,38987"
Săo Domingos do Sul,4318051,"-28,531763","-51,893187","62,45255","47,49999"
Săo Francisco de Assis,4318101,"-29,552716","-55,132386","46,4","49,13256"
Săo Francisco de Paula,4318200,"-29,444098","-50,582108","64,13223","65,70277"
Săo Gabriel,4318309,"-30,33676","-54,320478","62,686","42,82929"
Săo Jerônimo,4318408,"-29,959439","-51,728178","73,4375","60,13893"
Săo Joăo da Urtiga,4318424,"-27,82669","-51,825839","71,71429","83,44976"
Săo Joăo do Polęsine,4318432,"-29,614676","-53,44635","62,45255","65,86882"
Săo Jorge,4318440,"-28,498081","-51,702969","82,30769","42,59973"
Săo José das Missőes,4318457,"-27,778183","-53,118775","79,2","41,7302"
Săo José do Herval,4318465,"-29,041447","-52,293016",65,"43,68572"
Săo José do Hortęncio,4318481,"-29,540049","-51,249598","67,77778","76,49849"
Săo José do Inhacorá,4318499,"-27,722585","-54,13355","75,51724","84,87717"
Săo José do Norte,4318507,"-32,020609","-52,034202","51,93133","65,70356"
Săo José do Ouro,4318606,"-27,771255","-51,594768","74,87805","53,91635"
Săo José do Sul,4318614,"-29,54347","-51,486384","60,47619","82,7765"
Săo José dos Ausentes,4318622,"-28,749906","-50,063613","51,21951","47,16575"
Săo Leopoldo,4318705,"-29,765867","-51,146235","51,16232","50,67971"
Săo Lourenço do Sul,4318804,"-31,364024","-51,976915","53,67347","59,30533"
Săo Luiz Gonzaga,4318903,"-28,406647","-54,95966","47,00508","76,17633"
Săo Marcos,4319000,"-28,969849","-51,066707","63,13869","76,13793"
Săo Martinho,4319109,"-27,708929","-53,966923","62,71186","82,44033"
Săo Martinho da Serra,4319125,"-29,534851","-53,854226","88,57143","64,15544"
Săo Miguel das Missőes,4319158,"-28,549537","-54,561563",45,"76,98776"
Săo Nicolau,4319208,"-28,182155","-55,2601","35,17241","74,40308"
Săo Paulo das Missőes,4319307,"-28,020485","-54,934708","64,65116","57,64485"
Săo Pedro da Serra,4319356,"-29,42143","-51,514327","69,3617","65,28932"
Săo Pedro das Missőes,4319364,"-27,771308","-53,247369","85,71429","85,06793"
Săo Pedro do Butiá,4319372,"-28,124354","-54,888256","42,5","74,90098"
Săo Pedro do Sul,4319406,"-29,617531","-54,179991","67,79817","80,13057"
Săo Sebastiăo do Caí,4319505,"-29,59208","-51,376665","52,66667","65,10289"
Săo Sepé,4319604,"-30,167411","-53,569644","53,8835","63,80931"
Săo Valentim,4319703,"-27,554318","-52,528479","76,08696","95,76798"
Săo Valentim do Sul,4319711,"-29,051228","-51,769671","74,54545","74,54545"
Săo Valério do Sul,4319737,"-27,787718","-53,935526","62,45255","52,5"
Săo Vendelino,4319752,"-29,37581","-51,368653","67,5","81,50113"
Săo Vicente do Sul,4319802,"-29,692061","-54,676002","49,28571","78,1017"
Sapiranga,4319901,"-29,638554","-51,003623","58,50117","63,83477"
Sapucaia do Sul,4320008,"-29,824868","-51,151875","55,10638","55,9715"
Sarandi,4320107,"-27,943595","-52,925461","57,03704","73,2799"
Seberi,4320206,"-27,480414","-53,405467","67,39726","75,00732"
Sede Nova,4320230,"-27,631163","-53,955885","59,70588","83,51914"
Segredo,4320263,"-29,342618","-52,982074","58,69565","70,49189"
Selbach,4320305,"-28,627434","-52,956525","70,71429","72,02918"
Senador Salgado Filho,4320321,"-28,02749","-54,545403",76,"78,63483"
Sentinela do Sul,4320354,"-30,613303","-51,577982","57,88462","51,32628"
Serafina Corręa,4320404,"-28,710797","-51,935709","58,95652","66,12897"
Sério,4320453,"-29,38676","-52,267456","62,45255","54,31371"
Sertăo,4320503,"-27,980774","-52,259738",65,"85,75507"
Sertăo Santana,4320552,"-30,465428","-51,60425","55,15152","74,86735"
Sete de Setembro,4320578,"-28,130416","-54,463686","75,29412","52,74698"
Severiano de Almeida,4320602,"-27,432793","-52,120656","63,33333","71,06362"
Silveira Martins,4320651,"-29,64525","-53,585237","79,44444","21,58886"
Sinimbu,4320677,"-29,529068","-52,521636","49,15493","63,20287"
Sobradinho,4320701,"-29,414773","-53,025168","66,59341","73,2962"
Soledade,4320800,"-28,827738","-52,509866","73,88889","57,87205"
Tabaí,4320859,"-29,687771","-51,727475","49,72973","55,57519"
Tapejara,4320909,"-28,084171","-52,022133","71,38889","65,23587"
Tapera,4321006,"-28,62495","-52,871467","59,59184","78,54463"
Tapes,4321105,"-30,673173","-51,394499","49,92701","44,84358"
Taquara,4321204,"-29,650513","-50,781169","55,72327","75,56209"
Taquari,4321303,"-29,802801","-51,862776","54,47368","65,86882"
Taquaruçu do Sul,4321329,"-27,398036","-53,466952","90,47619","58,16372"
Tavares,4321352,"-31,288703","-51,088843","45,83333","83,53861"
Tenente Portela,4321402,"-27,372167","-53,75727","72,18182","77,24227"
Terra de Areia,4321436,"-29,577549","-50,067249","58,18182","60,67077"
Teutônia,4321451,"-29,488914","-51,812817","67,20588","61,53933"
Tio Hugo,4321469,"-28,580496","-52,593046","62,38095","80,95978"
Tiradentes do Sul,4321477,"-27,396899","-54,085392","44,54545","84,86371"
Toropi,4321493,"-29,472142","-54,228011","62,30769","92,12085"
Torres,4321501,"-29,335931","-49,730404","51,09489","57,7626"
Tramandaí,4321600,"-29,987302","-50,130377","49,73312","60,63959"
Travesseiro,4321626,"-29,299086","-52,057777","74,11765","84,38793"
Tręs Arroios,4321634,"-27,499516","-52,149852","82,38095","86,96799"
Tręs Cachoeiras,4321667,"-29,445887","-49,915639","64,23077","80,24213"
Tręs Coroas,4321709,"-29,516661","-50,783126","60,27778","59,41411"
Tręs de Maio,4321808,"-27,77966","-54,235302","71,58537","50,51828"
Tręs Forquilhas,4321832,"-29,538111","-50,064316",81,81
Tręs Palmeiras,4321857,"-27,617527","-52,843714","59,5","74,5095"
Tręs Passos,4321907,"-27,45616","-53,929699","66,89655","75,32561"
Trindade do Sul,4321956,"-27,517576","-52,892231","52,53731","73,18311"
Triunfo,4322004,"-29,945204","-51,715313","67,7551","81,68257"
Tucunduva,4322103,"-27,65006","-54,433129","67,5","40,72263"
Tunas,4322152,"-29,10644","-52,957013","41,5","75,5899"
Tupanci do Sul,4322186,"-27,925711","-51,540539","70,625","90,79106"
Tupanciretă,4322202,"-29,07748","-53,84063","55,76923","73,92418"
Tupandi,4322251,"-29,487913","-51,419825","67,61194","73,8451"
Tuparendi,4322301,"-27,754089","-54,478508","65,26316","75,04718"
Turuçu,4322327,"-31,412366","-52,171416","52,32558","64,18244"
Ubiretama,4322343,"-28,043565","-54,684511","66,92308","87,91372"
Uniăo da Serra,4322350,"-28,779899","-52,000417","62,45255","65,86882"
Unistalda,4322376,"-29,047485","-55,150781","53,33333","41,06635"
Uruguaiana,4322400,"-29,759823","-57,081825","46,97313","41,91118"
Vacaria,4322509,"-28,502354","-50,936599","47,63441","70,12987"
Vale do Sol,4322533,"-29,608828","-52,681355","61,16667","79,94346"
Vale Real,4322541,"-29,392281","-51,251197","57,27273","74,73089"
Vale Verde,4322525,"-29,782575","-52,179722","86,12903","68,90977"
Vanini,4322558,"-28,476223","-51,844658","65,2","81,26447"
Venâncio Aires,4322608,"-29,611653","-52,19188","71,64659","80,01396"
Vera Cruz,4322707,"-29,719858","-52,501103","71,41975","64,00203"
Veranópolis,4322806,"-28,933957","-51,552287","56,60465","71,30095"
Vespasiano Correa,4322855,"-29,069894","-51,85947",94,94
Viadutos,4322905,"-27,570953","-52,023799","74,78559","83,33338"
Viamăo,4323002,"-30,081897","-51,02482","49,12065","60,67035"
Vicente Dutra,4323101,"-27,168445","-53,402129","73,86364","75,25121"
Victor Graeff,4323200,"-28,560185","-52,747792","84,54545","45,48353"
Vila Flores,4323309,"-28,863","-51,549589","69,39394","70,46279"
Vila Lângaro,4323358,"-28,107405","-52,146903",75,"81,64522"
Vila Maria,4323408,"-28,533314","-52,163538","73,18182","74,18087"
Vila Nova do Sul,4323457,"-30,333959","-53,879196",50,"63,59092"
Vista Alegre,4323507,"-27,370084","-53,49241","74,44444","45,94192"
Vista Alegre do Prata,4323606,"-28,809472","-51,786208","83,75","74,54572"
Vista Gaúcha,4323705,"-27,289978","-53,70132","71,11111","64,92385"
Vitória das Missőes,4323754,"-28,352387","-54,499055","62,45255","65,86882"
Westfália,4323770,"-29,42345","-51,766156","70,43478","66,55296"
Xangri-lá,4323804,"-29,805378","-50,039081","52,29167","58,56795"
